Error_cv_wls,Error_cv_wls_c,Error_cv_wls_c_r,Error_cv_wls_c_s,Error_te_wls
7.97041939580708e+38,7.97041939580708e+38,7.97041939580708e+38,7.97041939580708e+38,0.9247320710587564
7.273978703112501e+65,7.27397868344331e+65,7.273978684115675e+65,7.2739786834435665e+65,4.1514618294706936e+55
